Set Test Voltage (V),DMM Reading (V)
-1.0,-0.999954670575
-0.9,-0.899960044275
-0.8,-0.7999647472749999
-0.7,-0.6999720305
-0.6,-0.5999765942749999
-0.5,-0.4999813669
-0.4,-0.399987220725
-0.3,-0.29999262745
-0.2,-0.19999767135000002
-0.1,-0.10000151303499999
0.0,-6.55687831025e-06
0.1,0.09998811704749999
0.2,0.199983062175
0.3,0.299979033575
0.4,0.399972347725
0.5,0.4999691291
0.6,0.599963792025
0.7,0.69995885445
0.8,0.7999538362749999
0.9,0.89994958405
1.0,0.99994493605
