Set Test Voltage (V),DMM Reading (V)
-1.0,-0.99999728475
-0.9,-0.9000020024500001
-0.8,-0.8000075447499999
-0.7,-0.7000123063750001
-0.6,-0.60001718165
-0.5,-0.500024827775
-0.4,-0.40002989725000004
-0.3,-0.30003434375
-0.2,-0.20003485015
-0.1,-0.10004322927499999
0.0,-4.338754915e-05
0.1,0.0999514806275
0.2,0.19994722842499998
0.3,0.2999428956
0.4,0.39993447982499997
0.5,0.499932734575
0.6,0.599927129975
0.7,0.699924050575
0.8,0.799914429025
0.9,0.899906522725
1.0,0.999905415175
