Set Test Voltage (V),DMM Reading (V)
-1.0,-0.99993321935
-0.9,-0.89994024195
-0.8,-0.7999441818749999
-0.7,-0.6999503148
-0.6,-0.5999554848499999
-0.5,-0.499961218725
-0.4,-0.3999677507
-0.3,-0.2999728805
-0.2,-0.19997800662499998
-0.1,-0.09998447272
0.0,9.4675720265e-06
0.1,0.100003993625
0.2,0.19999797055
0.3,0.29999269795
0.4,0.399987055625
0.5,0.4999799525
0.6,0.5999746177
0.7,0.699969063225
0.8,0.79996314265
0.9,0.89995697675
1.0,0.9999514186
