Set Test Voltage (V),DMM Reading (V)
-1.0,-0.999969932725
-0.9,-0.899976761275
-0.8,-0.7999813675
-0.7,-0.699987229525
-0.6,-0.59999228245
-0.5,-0.4999982323
-0.4,-0.400003428025
-0.3,-0.300008909275
-0.2,-0.20001756469999998
-0.1,-0.10002935765
0.0,-4.64408937125e-05
0.1,0.09994400306000001
0.2,0.19993781885
0.3,0.299932088675
0.4,0.39992617905
0.5,0.499920313375
0.6,0.599913616675
0.7,0.6999075972250001
0.8,0.799901921925
0.9,0.899896074575
1.0,0.99989556505
