Set Test Voltage (V),DMM Reading (V)
-1.0,-0.9999329886749999
-0.9,-0.89993888
-0.8,-0.7999438157750001
-0.7,-0.699948670975
-0.6,-0.5999541339
-0.5,-0.4999597726
-0.4,-0.39996382237500006
-0.3,-0.299970262825
-0.2,-0.199975498775
-0.1,-0.099982001485
0.0,1.3260458575e-05
0.1,0.10000613905
0.2,0.200000342925
0.3,0.29999382925
0.4,0.399988670175
0.5,0.49998272759999995
0.6,0.599976078475
0.7,0.6999702933499999
0.8,0.7999644057249999
0.9,0.8999565373999999
1.0,0.9999517444749999
