Set Test Voltage (V),DMM Reading (V)
-1.0,-0.9999991686
-0.9,-0.9000067304249999
-0.8,-0.8000113601250001
-0.7,-0.700015626975
-0.6,-0.600020619525
-0.5,-0.50002545815
-0.4,-0.400029398825
-0.3,-0.300032888675
-0.2,-0.200038295375
-0.1,-0.100043013025
0.0,-4.61437104125e-05
0.1,0.0999492485775
0.2,0.199945769725
0.3,0.29994040335
0.4,0.39993577729999996
0.5,0.499930740775
0.6,0.59992828815
0.7,0.699919689125
0.8,0.799914934825
0.9,0.899911360625
1.0,0.99990716345
