Set Test Voltage (V),DMM Reading (V)
-1.0,-1.000001261375
-0.9,-0.9000065581749999
-0.8,-0.8000110632499999
-0.7,-0.700014212275
-0.6,-0.6000193403999999
-0.5,-0.50002359625
-0.4,-0.40002949409999994
-0.3,-0.3000323939
-0.2,-0.200037016275
-0.1,-0.10004210775
0.0,-4.21853937125e-05
0.1,0.09994902867
0.2,0.19994605557500003
0.3,0.299940418
0.4,0.39993570032500003
0.5,0.499931455475
0.6,0.599926360275
0.7,0.6999211441750001
0.8,0.799916092975
0.9,0.899912885325
1.0,0.9999072184
