Set Test Voltage (V),DMM Reading (V)
-1.0,-0.9999480733999999
-0.9,-0.8999540261499999
-0.8,-0.7999619508
-0.7,-0.69996439245
-0.6,-0.5999696269
-0.5,-0.49997493829999995
-0.4,-0.3999792528
-0.3,-0.29998475847499995
-0.2,-0.19998700585
-0.1,-0.09999124338500001
0.0,3.195974224e-06
0.1,0.099997888225
0.2,0.19999203437500002
0.3,0.29998596795
0.4,0.399981785375
0.5,0.499976488625
0.6,0.599971902925
0.7,0.69996619935
0.8,0.7999609465499999
0.9,0.899954883825
1.0,0.999949847275
